{
	"floor_map_image": {
		"url": "署名付きURL"
	},
	"estimation_trajectories": [
		{
			"estimation_trajectories_id": 1,
			"estimation_position": [
				{
					"id": 1,
					"x": 36.1834166,
					"y": 138.110467,
					"walked_at": 1560000000
				},
				{
					"id": 2,
					"x": 35.1834166,
					"y": 137.110467,
					"walked_at": 1560000000
				}
			]
		},
		{
			"estimation_trajectories_id": 2,
			"estimation_position": [
				{
					"id": 3,
					"x": 35.1834166,
					"y": 137.110467,
					"walked_at": 1560000000
				},
				{
					"id": 4,
					"x": 35.1834166,
					"y": 137.110467,
					"walked_at": 1560000000
				}
			]
		}
	],
	"correct_trajectories": []
}